Year,temp_mean,temp_std,co2_mean,co2_std
1000,-0.3536679462571977,0.09603853428044169,278.66,0.9047423158052605
1001,-0.3761512476007678,0.092810036568593,278.68,0.9047423158052605
1002,-0.39598195777351247,0.09650982343785477,278.69,0.9047423158052605
1003,-0.40627024952015356,0.10159915986997022,278.71,0.9047423158052605
1004,-0.4024550863723609,0.10114986814148896,278.72,0.9047423158052605
1005,-0.3897552783109405,0.09648741197276066,278.73,0.9047423158052605
1006,-0.37879040307101725,0.0944088252884084,278.74,0.9047423158052605
1007,-0.37751401151631475,0.09841281643117049,278.75,0.9047423158052605
1008,-0.38789117082533586,0.10707163381610275,278.76,0.9047423158052605
1009,-0.40483224568138193,0.11706771034051314,278.77,0.9047423158052605
1010,-0.42022514395393473,0.12479810649924358,278.78,0.9047423158052605
1011,-0.42952936660268715,0.12939048012695006,278.79,0.9047423158052605
1012,-0.4291481765834933,0.13173786734946086,278.8,0.9047423158052605
1013,-0.4152410748560461,0.13598075373572088,278.81,0.9047423158052605
1014,-0.38934395393474086,0.1449587844835618,278.82,0.9047423158052605
1015,-0.35727120921305183,0.15586155165685073,278.83,0.9047423158052605
1016,-0.32314644913627644,0.16127704708126245,278.84,0.9047423158052605
1017,-0.2929690978886757,0.1554216385073199,278.85,0.9047423158052605
1018,-0.27167869481765833,0.13885769648146754,278.86,0.9047423158052605
1019,-0.2619188099808062,0.12179737378485975,278.88,0.9047423158052605
1020,-0.2635408829174664,0.11080360119107711,278.89,0.9047423158052605
1021,-0.27593877159309016,0.10570202891595624,278.91,0.9047423158052605
1022,-0.2932013435700576,0.10640244293988725,278.93,0.9047423158052605
1023,-0.3090351247600768,0.11051686581360892,278.95,0.9047423158052605
1024,-0.3182309021113244,0.11441346875121226,278.97,0.9047423158052605
1025,-0.31687946257197697,0.11535361944781193,279.0,0.9047423158052605
1026,-0.3017539347408829,0.11307465347515555,279.03,0.9047423158052605
1027,-0.2804531669865643,0.10998201476460445,279.06,0.9047423158052605
1028,-0.26553704414587337,0.10809203428140429,279.09,0.9047423158052605
1029,-0.2617383877159309,0.10857719172096376,279.13,0.9047423158052605
1030,-0.26617063339731284,0.11002937580387492,279.16,0.9047423158052605
1031,-0.28154241842610367,0.11189748426876459,279.2,0.9047423158052605
1032,-0.30231976967370444,0.11208089408970136,279.25,0.9047423158052605
1033,-0.3187704414587332,0.11138005453261979,279.29,0.9047423158052605
1034,-0.33451996161228403,0.11457404233809172,279.34,0.9047423158052605
1035,-0.3486771593090211,0.12102093301284525,279.39,0.9047423158052605
1036,-0.3554460652591171,0.12824267721209856,279.44,0.9047423158052605
1037,-0.35512514395393474,0.13320341876397895,279.5,0.9047423158052605
1038,-0.35276545105566215,0.13522643487384556,279.55,0.9047423158052605
1039,-0.35208195777351253,0.13510248567435953,279.61,0.9047423158052605
1040,-0.3518539347408829,0.13378789193255597,279.67,0.9047423158052605
1041,-0.34878253358925143,0.1311910514585479,279.73,0.9047423158052605
1042,-0.34075124760076775,0.12759652245147488,279.79,0.9047423158052605
1043,-0.33079808061420346,0.12751103389722643,279.86,0.9047423158052605
1044,-0.32569059500959696,0.13338664348942908,279.92,0.9047423158052605
1045,-0.32557600767754313,0.14177354078095522,279.98,0.9047423158052605
1046,-0.32692975047984646,0.14921530371649835,280.05,0.9047423158052605
1047,-0.32513493282149714,0.1559403019663334,280.11,0.9047423158052605
1048,-0.32146641074856047,0.15996060982790603,280.17,0.9047423158052605
1049,-0.32066487523992326,0.1631897251621376,280.23,0.9047423158052605
1050,-0.3215303262955854,0.16844774287163125,280.29,0.9047423158052605
1051,-0.3245679462571977,0.1753692915332938,280.35,0.904048613794576
1052,-0.3303836852207294,0.1802293820029417,280.41,0.9013675276564042
1053,-0.3403704414587332,0.1842567575464615,280.47,0.8985834210033888
1054,-0.3509819577735125,0.18668767774013878,280.53,0.8959322456216247
1055,-0.35684836852207297,0.18626829626763788,280.58,0.8934403809352424
1056,-0.35728464491362766,0.1863984658506078,280.63,0.8923707419708174
1057,-0.35797792706333975,0.19034680715109925,280.68,0.8904787369456854
1058,-0.36158042226487525,0.19803679805835575,280.73,0.8878204256633798
1059,-0.3627641074856046,0.20461724436131765,280.77,0.8839154334587054
1060,-0.354285604606526,0.20523727282771703,280.82,0.8824194406653044
1061,-0.3382383877159309,0.1958767032337006,280.85,0.8798091095596103
1062,-0.3271644913627639,0.1810123534516265,280.89,0.8777170554553654
1063,-0.3253890595009597,0.1655151315859715,280.92,0.8747824714146804
1064,-0.3303391554702495,0.15214002293704765,280.95,0.8712424575934131
1065,-0.34350191938579655,0.1443547559771827,280.98,0.8704305547540035
1066,-0.3654166986564299,0.14515756601231167,281.01,0.8664393224958672
1067,-0.39421170825335894,0.1567146150625131,281.04,0.8651541913969818
1068,-0.42079769673704415,0.17537660409506037,281.06,0.8618234218154035
1069,-0.434953358925144,0.19280480861294097,281.08,0.8584880497722335
1070,-0.4333595009596929,0.2029647334631081,281.1,0.8542804116009077
1071,-0.41674337811900186,0.2048157910625212,281.12,0.8510955506661071
1072,-0.38956679462571975,0.1982646861159782,281.14,0.8496519531893237
1073,-0.3621285988483685,0.18528419638634314,281.16,0.8462353607089997
1074,-0.34741535508637233,0.16599170992482695,281.18,0.8419632797825357
1075,-0.3494061420345489,0.1403157120180272,281.2,0.8405323246280239
1076,-0.3598420345489443,0.1186985541147388,281.21,0.8348876845944286
1077,-0.3665383877159309,0.10911910987051716,281.23,0.8323399707089767
1078,-0.3621986564299424,0.10710786878602176,281.25,0.8285882219525257
1079,-0.3456911708253359,0.1068768466271937,281.27,0.8260961496610681
1080,-0.32270268714011513,0.10805549354416501,281.28,0.8216608931771192
1081,-0.30025508637236087,0.10666880995562057,281.3,0.8184406036145915
1082,-0.28290959692898277,0.10152155750623154,281.32,0.814332781354089
1083,-0.2692184261036468,0.09849336255564684,281.34,0.8119503802039998
1084,-0.2572385796545105,0.1030290272256108,281.36,0.8087374586701644
1085,-0.24886026871401154,0.11383881104069225,281.38,0.8052314071418326
1086,-0.24167869481765833,0.1266004012746745,281.4,0.8006930169292763
1087,-0.23420844529750479,0.13463550668122076,281.42,0.7981446288015988
1088,-0.22683147792706332,0.1369079213570621,281.45,0.7956004566238609
1089,-0.21877466410748564,0.13504104394281694,281.47,0.7922838104894163
1090,-0.21442687140115163,0.13246404856093824,281.5,0.7883628715991235
1091,-0.21794049904030707,0.12834711853969605,281.52,0.7857217433727172
1092,-0.23182725527831097,0.12111264411040476,281.55,0.7814634124097378
1093,-0.25234817658349334,0.11130917510706344,281.57,0.7801238940343224
1094,-0.27831228406909786,0.10301483818981128,281.6,0.7760546517551615
1095,-0.3101752399232246,0.10266872164875927,281.63,0.7736840524316219
1096,-0.34586103646833016,0.11591928474191648,281.66,0.7716446707102242
1097,-0.3777913627639155,0.13588224420666342,281.69,0.7700643701659855
1098,-0.4034186180422265,0.15310291341123983,281.72,0.7666355630807175
1099,-0.4174763915547025,0.16358120566072257,281.76,0.7640551701482646
1100,-0.4163786948176584,0.17213167127741122,281.79,0.7625329458498807
1101,-0.40140364683301344,0.18287051536680587,281.82,0.7589884188269421
1102,-0.3760737044145874,0.19832310772376588,281.86,0.7569104437867237
1103,-0.3495527831094049,0.21658163631608945,281.89,0.7563630510112641
1104,-0.32889539347408825,0.2318345235828628,281.92,0.75469153126248
1105,-0.319921113243762,0.24008488702217523,281.96,0.754665718262294
1106,-0.3279345489443378,0.2358485071058857,281.99,0.7521835458052063
1107,-0.35608119001919386,0.22044688543808086,282.02,0.7513744980791096
1108,-0.3954545105566219,0.20474871715527582,282.05,0.7500764751775125
1109,-0.43221209213051826,0.195386465428724,282.08,0.7510356485910297
1110,-0.4553727447216891,0.1913707484729729,282.11,0.7492709299091572
1111,-0.46253608445297506,0.19032361439245588,282.14,0.7474761285623475
1112,-0.45963953934740887,0.1927833215011562,282.17,0.7484947376530946
1113,-0.4552681381957774,0.19978024364812447,282.19,0.7472664470302062
1114,-0.45543128598848365,0.21022602552435354,282.22,0.7470920537634796
1115,-0.4585740882917467,0.2199336903573786,282.24,0.7487127481356063
1116,-0.4640113243761997,0.22441317861680177,282.27,0.7483269940629508
1117,-0.4721046065259117,0.22223409664025076,282.29,0.7490028002652642
1118,-0.48096007677543184,0.21377426326347215,282.31,0.7488127688351479
1119,-0.49038253358925143,0.20268833108919318,282.33,0.749243919038684
1120,-0.5048758157389636,0.19460276074845345,282.35,0.7497399260476711
1121,-0.5236673704414587,0.1922127797585145,282.37,0.7502484436989659
1122,-0.5429990403071017,0.19075380795432959,282.39,0.7511359363026094
1123,-0.5605520153550864,0.18680495638903008,282.41,0.7521353440422684
1124,-0.5768072936660269,0.18255895418848253,282.43,0.7516089523921443
1125,-0.585609404990403,0.17660450286050702,282.45,0.7540902893567549
1126,-0.5813122840690979,0.16698775335900645,282.47,0.7536497056244909
1127,-0.5665301343570057,0.1558653848239822,282.48,0.755283840455809
1128,-0.5457353166986564,0.14701951878637867,282.5,0.7565868047181334
1129,-0.5213971209213053,0.1408592221775494,282.52,0.757311404093821
1130,-0.4965796545105565,0.13687016984338604,282.53,0.7588131539433144
1131,-0.479073320537428,0.13883626825506118,282.55,0.7594774918363703
1132,-0.47327274472168906,0.14923582108254968,282.56,0.7611015314171564
1133,-0.4762489443378119,0.16523464715087977,282.58,0.7627076397433937
1134,-0.48336890595009596,0.182206035618791,282.59,0.7628637092961255
1135,-0.4926078694817659,0.19610335382205946,282.6,0.7646032839441531
1136,-0.5043426103646833,0.20488583356652507,282.61,0.7653877437406404
1137,-0.5142447216890595,0.20647577865018754,282.62,0.7675497925103535
1138,-0.5221195777351249,0.20290691841100963,282.62,0.7678090491331431
1139,-0.5262487523992323,0.1981770969927629,282.62,0.7682109423511586
1140,-0.521096161228407,0.193450190529771,282.63,0.7708043811106619
1141,-0.5035669865642994,0.18446911192438414,282.63,0.77188039918717
1142,-0.4825905950095969,0.17520312455456877,282.63,0.7729641602775601
1143,-0.47022360844529754,0.171990471223174,282.62,0.7718714257151276
1144,-0.4708890595009598,0.1737475888467961,282.62,0.7734939283167418
1145,-0.4829865642994242,0.17525918074246324,282.62,0.7752989927366911
1146,-0.5003689059500959,0.17198835859685158,282.61,0.7756266842023645
1147,-0.5206119001919385,0.16600636332925742,282.6,0.7764426594818232
1148,-0.5436420345489443,0.16115152956053133,282.59,0.7769392717803829
1149,-0.5685940499040306,0.15979007461446887,282.58,0.778500751389119
1150,-0.5917449136276391,0.16218420456276256,282.57,0.7786186291741068
1151,-0.6067522072936661,0.16613910494592735,282.55,0.780323498239521
1152,-0.6045086372360844,0.16870615744503836,282.54,0.779979464709147
1153,-0.5889347408829175,0.1703018117320294,282.52,0.7813459638031715
1154,-0.567629942418426,0.17017988092297576,282.51,0.7822474282227091
1155,-0.5438579654510557,0.16750740654947038,282.49,0.7809307356307721
1156,-0.5230051823416508,0.16423650978442217,282.47,0.7830017719595358
1157,-0.504532821497121,0.1618728245398956,282.45,0.783884902983552
1158,-0.486157773512476,0.16013139106934163,282.42,0.7827967675078712
1159,-0.4694076775431862,0.15742980199545006,282.4,0.7833030297168733
1160,-0.45685182341650665,0.15402035105770273,282.38,0.7837367479219624
1161,-0.4454535508637236,0.14983207790422548,282.35,0.7837466902379154
1162,-0.4330692898272553,0.14513276341546752,282.32,0.7837136867869263
1163,-0.42338637236084453,0.14167585574963662,282.3,0.7830205694113143
1164,-0.41823531669865643,0.13982815710565236,282.27,0.7821227635838437
1165,-0.4163245681381958,0.14028477428162273,282.24,0.7818697758069125
1166,-0.4162746641074856,0.14154216228040306,282.21,0.7807290687478501
1167,-0.4166341650671785,0.14276755281994497,282.19,0.7794105054018329
1168,-0.421809980806142,0.14377836608488115,282.16,0.7783476782422549
1169,-0.43666026871401153,0.14567081915402474,282.14,0.7774021562576983
1170,-0.45659155470249513,0.14884928143053278,282.12,0.7753876282389187
1171,-0.4706458733205374,0.15349493072077727,282.1,0.7722678415210738
1172,-0.47340556621880997,0.15872497776062683,282.08,0.7708028366495662
1173,-0.46620249520153545,0.16370486334322368,282.07,0.7670892868669065
1174,-0.4558539347408829,0.1672785105884207,282.06,0.763634083175321
1175,-0.44948119001919384,0.17012067083545201,282.05,0.7593584954916366
1176,-0.4511059500959693,0.17450532145045972,282.04,0.7556999851346234
1177,-0.4567804222648752,0.18223905116582825,282.04,0.7509088288627753
1178,-0.46315719769673713,0.1913514561235256,282.03,0.746315770593946
1179,-0.46802917466410743,0.19890909334777254,282.03,0.7410014283947921
1180,-0.4689178502879079,0.20210061157746467,282.03,0.736327760870508
1181,-0.4652836852207294,0.201593956293549,282.03,0.7308022040688325
1182,-0.4611188099808062,0.20093782761984147,282.03,0.72616185452077
1183,-0.45762380038387723,0.2000876299605291,282.02,0.7201432337085988
1184,-0.45925834932821497,0.1994015423431035,282.02,0.7159578695675315
1185,-0.466274472168906,0.19741242542570933,282.02,0.7104149449014995
1186,-0.4745769673704414,0.19251660229908868,282.01,0.7057808607327265
1187,-0.4789999999999999,0.18487644574771464,282.0,0.7007499075279504
1188,-0.4814107485604606,0.17776932135499507,282.0,0.6938070205887039
1189,-0.48433857965451055,0.17440444691836787,281.99,0.6894349590574578
1190,-0.48624184261036474,0.1760225907039681,281.98,0.6844392908484614
1191,-0.48985412667946254,0.1808107526033124,281.96,0.6799898140311682
1192,-0.49820134357005763,0.18552703716014585,281.95,0.6735349661668273
1193,-0.512706142034549,0.19024664972459743,281.94,0.6683689845939154
1194,-0.5311157389635317,0.19328431355698067,281.92,0.664067878447781
1195,-0.547329366602687,0.19488874657042252,281.91,0.6585720154752186
1196,-0.5595424184261037,0.1948680873967783,281.89,0.6541709336172107
1197,-0.5662654510556623,0.19215080955272423,281.87,0.6490299121302753
1198,-0.5693562380038387,0.19003722025225672,281.86,0.6439401171373489
1199,-0.571432245681382,0.19100340461259077,281.85,0.6371228618763709
1200,-0.5750293666026872,0.19647826597700008,281.83,0.6330536520761351
1201,-0.5764785028790786,0.20378363063285568,281.82,0.6260817478399755
1202,-0.5745264875239924,0.21102178940752592,281.81,0.6204753100564254
1203,-0.575902303262956,0.2197745719929509,281.8,0.6134566034602652
1204,-0.5864704414587333,0.22975392808560707,281.79,0.6082648659803939
1205,-0.6028197696737045,0.23871916645994615,281.78,0.6005790856292257
1206,-0.6144337811900192,0.24410535613766907,281.77,0.5948523771906372
1207,-0.6120190019193857,0.243279505372702,281.76,0.5895329797383163
1208,-0.5969314779270634,0.23682195131072467,281.75,0.5820037413783185
1209,-0.5782406909788868,0.23026256558609526,281.74,0.5757035973785712
1210,-0.5595303262955854,0.22452976529098345,281.73,0.5680352711443838
1211,-0.5438723608445297,0.2165347850097609,281.72,0.5618585809036514
1212,-0.5391714011516314,0.20811747775215225,281.71,0.5557517041898761
1213,-0.5461606525911709,0.20078486412163268,281.7,0.5493112570691217
1214,-0.5588792706333974,0.19448829426967718,281.69,0.5424397746210273
1215,-0.5735132437619961,0.1924917110034474,281.68,0.5352581607984122
1216,-0.5856307101727447,0.19581720080726994,281.67,0.528274164684962
1217,-0.5881840690978887,0.1998680668580261,281.66,0.5217710433178766
1218,-0.5771245681381959,0.1980912089142069,281.65,0.5152406658280618
1219,-0.5540706333973129,0.18907348378490196,281.64,0.5091111429188658
1220,-0.5220009596928984,0.17499660320615543,281.64,0.5019503088495065
1221,-0.48755834932821496,0.15865198880047793,281.63,0.4949642516279442
1222,-0.4593543186180422,0.1432268906905774,281.63,0.48658808592891933
1223,-0.44048330134357006,0.13228460754636404,281.62,0.4800288591613087
1224,-0.4321664107485605,0.12823564968588785,281.62,0.47337601173364136
1225,-0.43421477927063346,0.1332390475813449,281.63,0.4642650012029688
1226,-0.44427888675623795,0.14697517338596763,281.63,0.45751067453778166
1227,-0.45816295585412664,0.1649033794905367,281.63,0.4494537328898905
1228,-0.47489213051823415,0.18349748970057791,281.64,0.44140394865412413
1229,-0.4922892514395393,0.19767059078469254,281.65,0.43273818604595266
1230,-0.5100462571976968,0.20259273467875968,281.65,0.42453029812485005
1231,-0.5260115163147793,0.19808509569462882,281.66,0.41615639750716976
1232,-0.54255547024952,0.19588511726809207,281.67,0.40901343662768597
1233,-0.5595930902111325,0.2065968010918702,281.68,0.4001279557246408
1234,-0.573785028790787,0.22907336733366832,281.69,0.3930555185882049
1235,-0.5830351247600768,0.25322253418993135,281.7,0.3850732206754766
1236,-0.5851030710172745,0.2686099999394545,281.71,0.37667404122574344
1237,-0.5782744721689058,0.2710854540634169,281.71,0.37090184930542086
1238,-0.5631024952015354,0.2618483972232356,281.72,0.3637003190511596
1239,-0.5425449136276392,0.24508206478419992,281.73,0.3566295445341468
1240,-0.5230276391554702,0.22813621446406226,281.74,0.34981504080093395
1241,-0.51192226487524,0.21699135343340403,281.74,0.34423797517093063
1242,-0.5118143953934741,0.2113235065651465,281.75,0.3384063107698087
1243,-0.5179821497120921,0.20789508885304633,281.75,0.3324072633752006
1244,-0.522820537428023,0.20471425174096816,281.75,0.32734700335585876
1245,-0.5227819577735126,0.2023735401448893,281.76,0.32142135634038
1246,-0.5180332053742802,0.201698664117592,281.76,0.3168503682247447
1247,-0.5092399232245681,0.20181829436781132,281.75,0.31304813399721065
1248,-0.4993879078694818,0.20107342829184977,281.75,0.30975098223520336
1249,-0.49205796545105573,0.1993764826298546,281.75,0.3052076860135342
1250,-0.4896431861804223,0.19581897830900494,281.74,0.3010245851517726
1251,-0.4911629558541267,0.19149763261766237,281.73,0.2991242629331881
1252,-0.49348464491362765,0.18904311747262306,281.73,0.29543020212734544
1253,-0.4958606525911708,0.1897103390362941,281.72,0.29287942054428223
1254,-0.5010786948176583,0.1904283977767805,281.71,0.2909742554179295
1255,-0.5090084452975048,0.18549941189436472,281.69,0.2891306569641813
1256,-0.5238078694817658,0.17593017538509162,281.68,0.28706606627555675
1257,-0.5472458733205375,0.17005085491398228,281.66,0.2863004809076722
1258,-0.5761312859884837,0.17427297221952598,281.65,0.28588928623277343
1259,-0.5975932821497121,0.18503258728837427,281.63,0.28476807605989957
1260,-0.6068727447216891,0.19626093694646896,281.61,0.2826486506959819
1261,-0.610832245681382,0.2075829934965427,281.59,0.2827987061941935
1262,-0.6139857965451055,0.21942902529981706,281.57,0.28295939163777273
1263,-0.613062763915547,0.23054765283166997,281.55,0.28200465133862784
1264,-0.5996533589251439,0.23751475782740597,281.52,0.28347411832048425
1265,-0.5760902111324376,0.240698060776746,281.5,0.2825306940379978
1266,-0.5498013435700576,0.24092106594779564,281.47,0.2836252634080552
1267,-0.5269531669865642,0.23847967248188318,281.45,0.2840629769818221
1268,-0.5113562380038388,0.23519067927889137,281.42,0.2859842880072529
1269,-0.5059641074856046,0.23290739658140297,281.4,0.2864172628960219
1270,-0.5083591170825336,0.23071682276362523,281.37,0.28768218394790257
1271,-0.5105898272552784,0.22678615934265742,281.35,0.2894811749481268
1272,-0.5108272552783109,0.21969538366082045,281.32,0.29040835557369066
1273,-0.5112800383877159,0.21043164682476606,281.29,0.2922313025655132
1274,-0.5145078694817659,0.19864049192978242,281.27,0.2931527385826802
1275,-0.5232481765834933,0.18631851130610347,281.24,0.295949568653419
1276,-0.5393451055662187,0.17764897859596812,281.22,0.2954576756410926
1277,-0.5584481765834933,0.17319116250752292,281.2,0.2982855048845755
1278,-0.5739404990403072,0.1734778220998861,281.17,0.3003735048639323
1279,-0.5823295585412668,0.17831021997543875,281.15,0.3011827335041621
1280,-0.5869934740882916,0.1835995354538486,281.13,0.30135660083330135
1281,-0.5910119001919385,0.1855567781975,281.11,0.3040509327349138
1282,-0.5978781190019195,0.18551115874874258,281.09,0.30500443542300315
1283,-0.6081825335892515,0.18462013272088248,281.07,0.30554365712108084
1284,-0.62102783109405,0.18403729840635533,281.05,0.30633746211104973
1285,-0.6325783109404991,0.18273146262350728,281.04,0.3067903947654593
1286,-0.6420452975047984,0.1781149819367928,281.02,0.3071049005037477
1287,-0.6496641074856047,0.17345824258532203,281.01,0.3070386413348123
1288,-0.6570948176583493,0.1711773799758583,280.99,0.307651345924817
1289,-0.6663044145873321,0.17105724559028618,280.98,0.30809005261364425
1290,-0.6775508637236085,0.17371435008984484,280.97,0.3069163062589183
1291,-0.6910556621880998,0.18089222942125896,280.96,0.3066520794573262
1292,-0.7061053742802303,0.19344500811178678,280.95,0.30722892179873207
1293,-0.7201441458733205,0.20927285310664176,280.94,0.30689902734778124
1294,-0.7266387715930903,0.2238909139291422,280.93,0.3068528279300299
1295,-0.7271856046065259,0.2342723707487084,280.92,0.30590579428698617
1296,-0.7257842610364683,0.2380984498662932,280.91,0.3077202867731845
1297,-0.7203623800383877,0.23573095902650396,280.9,0.3080398158331665
1298,-0.7061846449136276,0.22907808761491433,280.9,0.30592136046356594
1299,-0.6820856046065259,0.22220799716462186,280.89,0.30722081966337345
1300,-0.6507214971209213,0.21415959397335257,280.88,0.307445838682109
1301,-0.6151669865642994,0.2042833682006485,280.87,0.30858565784091346
1302,-0.5813631477927064,0.19781373081978293,280.86,0.3094500078515247
1303,-0.5512397312859885,0.195574017011278,280.85,0.30989454986274634
1304,-0.5262326295585412,0.19962999083543714,280.84,0.3117830303410662
1305,-0.5073629558541266,0.20681520121116667,280.84,0.31104627236117594
1306,-0.4960182341650672,0.20933195213847927,280.83,0.31226203060502306
1307,-0.4934562380038388,0.2041409784467704,280.83,0.3112942539689975
1308,-0.4973667946257198,0.19260339319015043,280.82,0.3124363138568428
1309,-0.503193857965451,0.17821559189075492,280.82,0.31182225206536085
1310,-0.5086619961612284,0.16265955591312128,280.82,0.3105256679828424
1311,-0.5140700575815739,0.14887399300762755,280.82,0.3100303713651791
1312,-0.5178856046065259,0.13897406497142487,280.83,0.3082926731117246
1313,-0.516642802303263,0.13271503172289462,280.84,0.30612647698855044
1314,-0.5135829174664107,0.13127411879467388,280.85,0.3033877977838797
1315,-0.5133721689059502,0.13483445238834077,280.87,0.2998282336554906
1316,-0.5201190019193858,0.13954647462598396,280.89,0.2958793482901251
1317,-0.5294119001919386,0.14100855147430721,280.91,0.29270495464919694
1318,-0.5355600767754318,0.13870673926834134,280.93,0.28914300900018236
1319,-0.5357128598848369,0.13222995590315945,280.95,0.28709622502611065
1320,-0.5278641074856046,0.12420704642783717,280.98,0.281660198701315
1321,-0.5119642994241842,0.11691245422873944,281.0,0.2767924660536618
1322,-0.48826583493282144,0.11172549302662275,281.03,0.27269260241387966
1323,-0.45890230326295584,0.10805063625303088,281.05,0.2698793220771978
1324,-0.42904145873320537,0.10550763957475895,281.08,0.2652875594095782
1325,-0.40681170825335894,0.10505708245611828,281.1,0.2612329242125543
1326,-0.3998353166986564,0.1090684662368335,281.13,0.25647164683002605
1327,-0.40998771593090216,0.1187961712781599,281.15,0.2536623518470796
1328,-0.4330493282149712,0.1308165174399807,281.17,0.25205647687069166
1329,-0.4607228406909788,0.14038291766968455,281.18,0.2473775879009059
1330,-0.48808733205374283,0.14613779164510068,281.2,0.24134364140526587
1331,-0.5134220729366603,0.14796685658100567,281.21,0.23908012748722265
1332,-0.5409790786948176,0.14985736938039154,281.22,0.23595068822262094
1333,-0.5707276391554703,0.15445870821128962,281.22,0.2312885044578996
1334,-0.6014268714011517,0.16346468392874292,281.22,0.22792542640082794
1335,-0.6301295585412668,0.17534133976990357,281.22,0.22361502555436602
1336,-0.6506253358925144,0.1871466951637251,281.22,0.21946461813860144
1337,-0.6598692898272552,0.1948572220323089,281.21,0.21590291629357125
1338,-0.660306142034549,0.1966645695689524,281.2,0.21194063123627566
1339,-0.6553234165067179,0.1915571040302575,281.19,0.20931396910464356
1340,-0.6504322456813819,0.18146158990834005,281.17,0.20429426616072568
1341,-0.6481132437619962,0.17169114263374471,281.15,0.2020136723331432
1342,-0.6489882917466411,0.16783257395953843,281.13,0.19863658652547475
1343,-0.6539053742802303,0.16862498688459782,281.11,0.1962792427271479
1344,-0.6689247600767755,0.17348840933682336,281.08,0.19422005192932357
1345,-0.6931387715930902,0.18455428009549119,281.06,0.19330571529858862
1346,-0.7180145873320537,0.20114348901074555,281.03,0.19203906979832303
1347,-0.7365907869481766,0.21779675315345534,281.0,0.19179094408696137
1348,-0.7459335892514395,0.22862928930319668,280.97,0.19073110647808167
1349,-0.7450403071017273,0.2332038615986469,280.95,0.19237184411167224
1350,-0.7322249520153551,0.2350525284812533,280.92,0.192452838997232
1351,-0.7052439539347408,0.2371663557807817,280.89,0.19360333437792906
1352,-0.6689694817658349,0.24114269476789715,280.86,0.19519775742094347
1353,-0.6285658349328215,0.24530155676958185,280.83,0.19681225809147798
1354,-0.5895882917466411,0.245040521604158,280.81,0.19873191060917403
1355,-0.5596725527831093,0.23920530776810184,280.78,0.20169841616197584
1356,-0.5452023032629558,0.23039731442593847,280.75,0.2036038935151931
1357,-0.5452585412667946,0.2219657659176444,280.73,0.2057085737542658
1358,-0.5526660268714012,0.21613737720342632,280.71,0.20676439527035786
1359,-0.5592426103646834,0.2149179219629326,280.68,0.21040519556404932
1360,-0.5601608445297505,0.2192378433662875,280.66,0.2128659314261079
1361,-0.5554894433781189,0.22533073244565924,280.64,0.21575398849102537
1362,-0.5477289827255278,0.22981210499165164,280.62,0.2182754128255299
1363,-0.5372825335892515,0.2322757937612414,280.6,0.22022666402999364
1364,-0.5198725527831095,0.23433016138274454,280.58,0.22244606331030506
1365,-0.49799846449136276,0.2321974414271828,280.56,0.22461366543756556
1366,-0.47828598848368525,0.2218263173144699,280.54,0.22618423322439365
1367,-0.4655591170825336,0.2059390092646637,280.53,0.22815322943999297
1368,-0.46156775431861796,0.1905275632102396,280.51,0.230703798027349
1369,-0.4666470249520153,0.17805544046884703,280.49,0.2321800503005718
1370,-0.4772558541266795,0.17026443565053173,280.48,0.23276616287614518
1371,-0.4863441458733205,0.1654601938222658,280.46,0.23641990672186178
1372,-0.4902944337811901,0.16122429165283264,280.45,0.23708547785456016
1373,-0.4909963531669866,0.15529415638041824,280.43,0.2384568898390026
1374,-0.49343071017274476,0.14945038582854975,280.42,0.2411969610628956
1375,-0.4995859884836853,0.14550643699557078,280.41,0.24230852216424384
1376,-0.5073606525911709,0.14467554683722547,280.39,0.24407081507333475
1377,-0.5151151631477927,0.14831498374827878,280.38,0.24351546881005948
1378,-0.5198107485604607,0.1531585219495955,280.37,0.2461376977095663
1379,-0.5180088291746642,0.15683312701590843,280.36,0.24672223546299948
1380,-0.5080147792706334,0.15752897875164976,280.35,0.24733908582474834
1381,-0.49004587332053745,0.15550155313117298,280.34,0.2496027146317047
1382,-0.4674846449136276,0.15267546713132368,280.33,0.25012248081940885
1383,-0.444631669865643,0.15078040800249376,280.32,0.2493892973746526
1384,-0.4260032629558541,0.14974830835344108,280.31,0.2511238807107055
1385,-0.4161195777351247,0.15001407088046442,280.3,0.25173037523942704
1386,-0.4149623800383877,0.15024537995359935,280.29,0.2533806062068119
1387,-0.4197873320537428,0.14859924329701452,280.29,0.252358571252983
1388,-0.42826948176583496,0.1482976558814172,280.28,0.2524460424110514
1389,-0.4408815738963532,0.15334303778375089,280.28,0.2526675861500778
1390,-0.4557898272552783,0.16236530308633138,280.27,0.25217710055294473
1391,-0.47059808061420344,0.17155420559650328,280.27,0.25180087302008863
1392,-0.48042418426103645,0.17654953508031015,280.27,0.25166673833891445
1393,-0.48181669865643,0.17479281221316817,280.26,0.251463250264856
1394,-0.4764946257197697,0.16890262263387149,280.26,0.2502310620518257
1395,-0.4723927063339731,0.16470707665594184,280.26,0.24986446542526108
1396,-0.4753629558541267,0.16618109616092352,280.25,0.2492833885203893
1397,-0.48586429942418424,0.1707968293479875,280.25,0.2490362375620196
1398,-0.5013117082533589,0.17460295859782762,280.25,0.24689588039815002
1399,-0.517579462571977,0.1747985007540524,280.25,0.24429286589870997
1400,-0.5280790786948176,0.17211911685916922,280.25,0.24355768581661463
1401,-0.5251589251439539,0.16886405536474328,280.25,0.24293301590448804
1402,-0.5056877159309021,0.16453278900117074,280.25,0.23992648585497878
1403,-0.47268214971209216,0.15844645348843303,280.25,0.2399896282030225
1404,-0.4350819577735125,0.15189904763971387,280.25,0.23681188764475372
1405,-0.4002186180422265,0.1452738925761967,280.25,0.2352046175592949
1406,-0.3724698656429943,0.13913829034516068,280.25,0.23213669655495603
1407,-0.3547765834932821,0.13458762326168072,280.25,0.23086745883685011
1408,-0.3445619961612284,0.13189007126802457,280.25,0.228961990456047
1409,-0.3410980806142035,0.1317068463707345,280.25,0.22732254865177962
1410,-0.34711765834932823,0.135467027194125,280.26,0.22408834065070432
1411,-0.3616637236084453,0.14279636027719939,280.26,0.22245773955393727
1412,-0.3823103646833013,0.15264695494475217,280.27,0.21982529466183529
1413,-0.4035111324376199,0.16095963777051414,280.27,0.21839635916601444
1414,-0.4206915547024952,0.16543481857750067,280.28,0.21551559038030588
1415,-0.42722149712092133,0.16699611902003691,280.29,0.21237677863621635
1416,-0.424479462571977,0.16807317231039534,280.29,0.2106560562290382
1417,-0.4198282149712092,0.1685135304727323,280.3,0.2089765827101468
1418,-0.4208996161228407,0.16789997102168638,280.31,0.20837653231776987
1419,-0.43012418426103644,0.16667089702163593,280.32,0.20815620175484523
1420,-0.44342188099808066,0.1664767756415096,280.33,0.2062995972112498
1421,-0.45454894433781196,0.16693972761909392,280.33,0.20680626482007944
1422,-0.45783435700575814,0.16616790057863387,280.34,0.20622771426234468
1423,-0.44991823416506715,0.16212275238211557,280.35,0.2068465562572817
1424,-0.4354120921305182,0.15646542733029883,280.36,0.20828510264222877
1425,-0.4248188099808061,0.1531104691420179,280.36,0.20925398308569776
1426,-0.4208504798464491,0.15069879039877498,280.37,0.21196105580386265
1427,-0.4187809980806142,0.14524181786752555,280.37,0.21283542409316267
1428,-0.4154353166986564,0.13556899811657602,280.38,0.215912440165411
1429,-0.4084781190019193,0.12292155543081922,280.38,0.2197657154721162
1430,-0.3986092130518234,0.11243457769347602,280.38,0.22225136893992947
1431,-0.3888921305182341,0.10894739642576212,280.38,0.22754905279647647
1432,-0.3838243761996161,0.11259091711233485,280.38,0.23157282661394565
1433,-0.3842706333973129,0.11975907995679504,280.38,0.2370763480509942
1434,-0.39121631477927066,0.12650061090856118,280.37,0.24186549515984518
1435,-0.40609443378119003,0.1308891960477814,280.36,0.2470961219980809
1436,-0.4236063339731286,0.13654979303914885,280.35,0.25421298634067074
1437,-0.4409610364683301,0.1435313369632643,280.33,0.2590396015120407
1438,-0.45654510556621886,0.14957512628737135,280.31,0.26641641396075216
1439,-0.4660518234165067,0.15425203115959632,280.29,0.2750694520720184
1440,-0.4696704414587332,0.15693410881394718,280.27,0.2813622551351205
1441,-0.46942341650671787,0.15880133836336932,280.24,0.2896826147976708
1442,-0.4684140115163148,0.16203693671812044,280.21,0.2990363310247225
1443,-0.4718543186180423,0.16366011421883261,280.18,0.3083516433079897
1444,-0.484359500959693,0.16014485039074336,280.15,0.31590624122792377
1445,-0.504714971209213,0.15395598948566044,280.12,0.3255315333739199
1446,-0.5310059500959693,0.14953543580262876,280.09,0.3340891863194378
1447,-0.55802226487524,0.15242977223908874,280.06,0.3459928307942832
1448,-0.582231094049904,0.1622610458268996,280.02,0.35670358266696384
1449,-0.601185028790787,0.17368076596946352,279.99,0.36732683584105325
1450,-0.617630518234165,0.18158613099764104,279.96,0.3789016365977476
1451,-0.6390391554702495,0.18376428453753765,279.93,0.38848356531451783
1452,-0.6667418426103646,0.1834890788399171,279.9,0.39915956080038767
1453,-0.6973276391554701,0.18575379932958908,279.87,0.41105844793538243
1454,-0.7237596928982726,0.19390815665764824,279.84,0.4212147450788793
1455,-0.743852783109405,0.20565758658538225,279.82,0.4322717599599505
1456,-0.7560226487523992,0.21705015041169592,279.79,0.44199371212545824
1457,-0.7602224568138196,0.22465861069655507,279.76,0.4534619119922914
1458,-0.7574911708253359,0.2289766990975023,279.74,0.46444795700046276
1459,-0.7498491362763916,0.23008742093667567,279.71,0.4756940702645486
1460,-0.7372000000000001,0.22892483524578036,279.69,0.4859809555707768
1461,-0.7219234165067179,0.22715280435763013,279.67,0.49551058104821105
1462,-0.7072727447216891,0.22587703731563882,279.65,0.5063623345518683
1463,-0.6943036468330135,0.22501041746426817,279.64,0.5142567031259364
1464,-0.6846399232245681,0.22495344120676014,279.62,0.5235313409291358
1465,-0.6788182341650671,0.22504709411748014,279.61,0.5341151601752222
1466,-0.6737218809980806,0.225104648358511,279.6,0.5419623235734722
1467,-0.663339347408829,0.2258695002028405,279.6,0.5484462508243546
1468,-0.6481103646833014,0.2253885464977462,279.59,0.5580578567035656
1469,-0.6309385796545105,0.2205232033602959,279.59,0.5638634509719503
1470,-0.6182690978886757,0.2129496896726657,279.59,0.5712324338712721
1471,-0.6134754318618042,0.204390123601937,279.6,0.5764482983691085
1472,-0.6135692898272553,0.1954464355532131,279.61,0.581684559195898
1473,-0.6125149712092132,0.1867574834419914,279.62,0.5874290967622712
1474,-0.6088337811900192,0.17862804191010057,279.63,0.5918003933994185
1475,-0.6037391554702496,0.1723644874700814,279.65,0.5970861786726461
1476,-0.5974859884836853,0.16902016122183097,279.67,0.6005862936363848
1477,-0.5931270633397312,0.1693031034088255,279.69,0.6031791675987409
1478,-0.5916877159309022,0.17463483209136924,279.72,0.6064708784491817
1479,-0.5950072936660269,0.1796446999383252,279.75,0.6080002349623563
1480,-0.601885604606526,0.17780439729157518,279.78,0.6105125233158986
1481,-0.6084030710172745,0.16974934176311926,279.82,0.6123462789696409
1482,-0.6071086372360843,0.1608131363698278,279.86,0.613827146869345
1483,-0.5970101727447216,0.15508628204030653,279.9,0.6169385734927014
1484,-0.5784161228406909,0.1542104677216781,279.94,0.6179124540465335
1485,-0.5552470249520154,0.15566433252038406,279.99,0.6194369737932655
1486,-0.5344591170825336,0.15739483448171562,280.04,0.621359353263028
1487,-0.5179919385796545,0.15730630400922394,280.08,0.6254316258510714
1488,-0.5049026871401152,0.15454104642853603,280.14,0.6276371204592309
1489,-0.4971412667946257,0.1500539294256717,280.19,0.631085095901019
1490,-0.49923320537428023,0.14418750089558222,280.24,0.6355529003769024
1491,-0.5110357005758157,0.14037398356347738,280.29,0.640421262872646
1492,-0.5272921305182342,0.1426483547435059,280.34,0.6424951361683627
1493,-0.5444464491362765,0.15009828162247893,280.39,0.6485748612530017
1494,-0.5601247600767754,0.1596621391383104,280.45,0.6535227550299909
1495,-0.5709140115163147,0.1699674319918827,280.5,0.6604394771894708
1496,-0.5761451055662188,0.17835697863262867,280.55,0.6677584134260629
1497,-0.5769656429942419,0.1811020480229183,280.59,0.6748204827824175
1498,-0.5704497120921305,0.1758660971310538,280.64,0.6819054345325474
1499,-0.5562059500959693,0.1654887975034675,280.68,0.6909064564770823
1500,-0.5393241842610366,0.15451229373094152,280.72,0.6987378850718086
1501,-0.5246032629558541,0.1455555981829952,280.76,0.7074594813478077
1502,-0.5129533589251439,0.14154649070876027,280.8,0.7148941131899176
1503,-0.4991652591170826,0.14283942087580254,280.84,0.7253202009729156
1504,-0.4833337811900192,0.1468848659891027,280.87,0.7338612818185606
1505,-0.4725773512476008,0.14898850170363392,280.9,0.7418569482061406
1506,-0.46914395393474084,0.1469336818186963,280.93,0.752504764046994
1507,-0.4714800383877159,0.14237074902412658,280.95,0.760834726152452
1508,-0.4767401151631478,0.1386008141251001,280.98,0.7703217970404728
1509,-0.4819320537428023,0.13785497169337677,281.0,0.7798247388847239
1510,-0.486952783109405,0.13938828776578707,281.02,0.7876041812486461
1511,-0.49771074856046066,0.14029315680311968,281.04,0.7974522472098796
1512,-0.5129748560460653,0.14097022531108508,281.06,0.8067358472714221
1513,-0.5291333973128599,0.14174691489579078,281.08,0.814035428991694
1514,-0.5420047984644913,0.14377990376589647,281.09,0.8218504092826702
1515,-0.5496863723608446,0.1473682437170166,281.11,0.8312657901374354
1516,-0.5514278310940499,0.15285415589358586,281.12,0.8381856565255668
1517,-0.5478067178502879,0.16021402324155415,281.14,0.8442066384984539
1518,-0.5457028790786947,0.165908919323,281.15,0.8524286668306225
1519,-0.5502556621880998,0.16789413872687606,281.17,0.8596012364546075
1520,-0.5646591170825337,0.16890542756225504,281.18,0.8662204562280148
1521,-0.5873752399232245,0.1713624542094408,281.2,0.8730634724003857
1522,-0.6122798464491362,0.1760897984333109,281.21,0.8794055449871276
1523,-0.6313742802303263,0.1794371379928566,281.23,0.8855038676183822
1524,-0.6403095969289828,0.18087308561538262,281.24,0.8900130112381345
1525,-0.6410067178502878,0.181493874268779,281.26,0.8951016290941138
1526,-0.6393982725527831,0.18279212967216915,281.27,0.8995395647615643
1527,-0.6405600767754318,0.18582010412056785,281.29,0.9053898253960775
1528,-0.6455069097888676,0.19154840608900905,281.31,0.9089736612702877
1529,-0.6495333973128599,0.19817760186881486,281.32,0.9129942177026299
1530,-0.6470754318618043,0.19988498320441797,281.33,0.9170068239394452
1531,-0.6379345489443378,0.19405332761362576,281.34,0.9202428862517581
1532,-0.6207930902111324,0.18254408158413069,281.35,0.9203772988803969
1533,-0.5948057581573898,0.16746231127495242,281.36,0.9234712416741199
1534,-0.560495009596929,0.15319114748364432,281.36,0.9248418608240373
1535,-0.5229978886756238,0.14665746701122695,281.36,0.9234272929516204
1536,-0.49097159309021116,0.14977233427630265,281.36,0.9242785884628661
1537,-0.473184452975048,0.1585181248073563,281.36,0.9235618280420884
1538,-0.4759854126679463,0.1698774219227153,281.36,0.9223248434706286
1539,-0.49964107485604603,0.18234871327401414,281.35,0.9223980603937652
1540,-0.5395372360844529,0.19479853664757954,281.34,0.920461487868639
1541,-0.5826746641074856,0.2071675157635177,281.33,0.9170123708607646
1542,-0.6166564299424184,0.21801076579344777,281.32,0.9140212516593081
1543,-0.6341896353166988,0.2236246802639099,281.3,0.910273257103272
1544,-0.6327927063339731,0.22450393791425546,281.28,0.9047738948852372
1545,-0.6159067178502879,0.21996156555218516,281.26,0.8996792357683517
1546,-0.5902143953934741,0.20801995023607783,281.24,0.8931937201106077
1547,-0.5597704414587332,0.1890964331966348,281.22,0.887294150262985
1548,-0.5280792706333974,0.16631075683399973,281.2,0.8791087822802388
1549,-0.4987255278310941,0.14482674204877102,281.17,0.8709129657660353
1550,-0.47565067178502884,0.12953249757274216,281.14,0.862460489088106
1551,-0.4627600767754319,0.12124323731812309,281.11,0.8533429298026404
1552,-0.46237677543186184,0.11959641595625752,281.08,0.8431785101625949
1553,-0.473662763915547,0.12383521648374843,281.05,0.8342121772726373
1554,-0.48984107485604605,0.12913833891932505,281.01,0.8214601349102436
1555,-0.5017214971209212,0.13144952379607872,280.98,0.8109586278620491
1556,-0.5050671785028791,0.13237133280133115,280.94,0.7975411346581827
1557,-0.5018078694817659,0.13539232933145917,280.9,0.7840896229363884
1558,-0.4951143953934741,0.14019923626777164,280.85,0.7701959046903097
1559,-0.48552802303262954,0.14419701633838256,280.81,0.7558252850175466
1560,-0.47191708253358927,0.14521252275653837,280.76,0.7405315746050346
1561,-0.4529940499040307,0.14270562257503477,280.71,0.7258635698793002
1562,-0.4315936660268714,0.140058193462423,280.66,0.7074268964725716
1563,-0.4134560460652591,0.14105913574056378,280.61,0.692015689334947
1564,-0.4043510556621881,0.14627284122698306,280.55,0.6735441249923338
1565,-0.4098044145873321,0.15326107024796246,280.49,0.6551117679994992
1566,-0.43050460652591177,0.15984912471154417,280.43,0.6365642695471327
1567,-0.46106698656429945,0.16495796313098932,280.37,0.616962430535796
1568,-0.4951857965451056,0.16724468115547644,280.31,0.597759163305773
1569,-0.5263598848368523,0.16765928529422794,280.24,0.5767623097123831
1570,-0.5515571976967371,0.16776979830151792,280.18,0.5565993297272418
1571,-0.568504990403071,0.16811425491557,280.11,0.5349280810988021
1572,-0.5770491362763915,0.16813899619815084,280.04,0.513307963054413
1573,-0.583275623800384,0.16814783799944913,279.98,0.4933841526416621
1574,-0.5925476007677543,0.1709224886152343,279.91,0.47050424272714697
1575,-0.6097869481765836,0.17762787967268717,279.83,0.4497765197839034
1576,-0.6386063339731287,0.18655800257611094,279.76,0.42673430199851453
1577,-0.6737748560460652,0.19653778781609074,279.69,0.4066931898241597
1578,-0.7095330134357005,0.20517508035900658,279.61,0.38598275088750383
1579,-0.7346510556621881,0.20791308475269996,279.53,0.3686259146276422
1580,-0.7396690978886757,0.2002894762418212,279.45,0.34944235105372035
1581,-0.7241136276391554,0.18399492098573178,279.36,0.3341474905704771
1582,-0.6962476007677544,0.16722845704363276,279.28,0.3216680685432508
1583,-0.6689823416506718,0.15648419247730858,279.19,0.31291120132302735
1584,-0.651967178502879,0.15236504185137079,279.09,0.3062328712411091
1585,-0.6477786948176584,0.15180050505079967,279.0,0.30491500483439216
1586,-0.6552890595009598,0.1535959384957265,278.9,0.30888712406193874
1587,-0.6753245681381959,0.1582237967462047,278.8,0.3181670992266501
1588,-0.7027257197696737,0.16609356361907246,278.69,0.33366001308069204
1589,-0.7293190019193858,0.17542720428604375,278.58,0.3534456245645257
1590,-0.746612284069098,0.18195247964458047,278.47,0.37509594732144086
1591,-0.7530153550863724,0.18180182108104231,278.36,0.4030288464641875
1592,-0.7476729366602687,0.17496644166375117,278.24,0.4319060744454269
1593,-0.7328092130518233,0.16542918863797276,278.12,0.46473937210299465
1594,-0.7135669865642994,0.15752024932204328,278.0,0.5008064924271108
1595,-0.697446641074856,0.15366891355607232,277.88,0.5359946452533455
1596,-0.686748368522073,0.1527159443410773,277.76,0.5730672391666273
1597,-0.6814487523992323,0.15333186771540463,277.65,0.6109783864790906
1598,-0.6858980806142035,0.15690054418496974,277.53,0.6496774091275888
1599,-0.7057773512476009,0.16313099911011064,277.42,0.6865384657359452
1600,-0.7397502879078695,0.17104346255162084,277.31,0.7240346611013818
1601,-0.7742122840690979,0.18018971701526762,277.2,0.7608722779656328
1602,-0.7921005758157389,0.18711003729720135,277.1,0.7957865231807997
1603,-0.7945255278310941,0.19037301042184693,277.01,0.8284828098601535
1604,-0.7901109404990403,0.19321022024468162,276.92,0.8601746525563453
1605,-0.7847913627639156,0.1987622795971089,276.84,0.8906922498723642
1606,-0.7798525911708253,0.20560764717053623,276.77,0.9181540864184647
1607,-0.7747119001919386,0.21161585209552028,276.7,0.9450119676742865
1608,-0.7669829174664108,0.21484416623524638,276.64,0.9683658748285514
1609,-0.7538913627639156,0.2146564378038527,276.59,0.990641490535587
1610,-0.7365577735124761,0.21236558785689,276.55,1.0082551041171846
1611,-0.7216721689059501,0.20953618242005706,276.51,1.0260785688421845
1612,-0.7120744721689061,0.20679074405747908,276.48,1.0397694757832383
1613,-0.7066493282149713,0.20360829882524276,276.46,1.0509892268612278
1614,-0.7040201535508637,0.20032470640662245,276.45,1.0614488179246293
1615,-0.7028314779270634,0.19954597707990268,276.45,1.06766008258624
1616,-0.7033142034548944,0.20076148628359222,276.45,1.0744950490298255
1617,-0.7076625719769672,0.20247667092661825,276.45,1.0798540866639612
1618,-0.714567178502879,0.20354572557891484,276.46,1.08294371948274
1619,-0.7206460652591171,0.202216144330163,276.48,1.0834061247606213
1620,-0.7249351247600767,0.19893060360924908,276.49,1.0835468654026041
1621,-0.7265754318618042,0.19552035043367574,276.52,1.0817255135107429
1622,-0.7247078694817659,0.19259038636110945,276.54,1.0806588698907664
1623,-0.7173236084452975,0.18723082319187703,276.57,1.0779053159391447
1624,-0.7068468330134358,0.17993192001674535,276.61,1.0725957711606382
1625,-0.6983084452975048,0.17353802832432327,276.64,1.06877493895107
1626,-0.6965441458733205,0.17074877657318732,276.68,1.0635667550390295
1627,-0.7040679462571976,0.1711974743405454,276.72,1.0564968044606118
1628,-0.7179940499040306,0.17348654110707698,276.76,1.0501878825927211
1629,-0.7330366602687141,0.17693423751055118,276.8,1.0434235400750191
1630,-0.746193857965451,0.1812620615633698,276.85,1.0352576691618591
1631,-0.7524061420345489,0.18496468779589684,276.89,1.0282807279197848
1632,-0.7457042226487524,0.18645887188656873,276.94,1.0194596862789893
1633,-0.7254483685220731,0.18539058415801096,276.98,1.0112081839769644
1634,-0.6947078694817658,0.1834291184508187,277.03,1.0025612222348275
1635,-0.6620771593090211,0.18142913576441533,277.07,0.9953733881404322
1636,-0.6378619961612284,0.1786444970385641,277.11,0.9864975870104685
1637,-0.631520537428023,0.17475342623608,277.14,0.9778349837325574
1638,-0.6482902111324376,0.17072492596660133,277.18,0.9697043999985869
1639,-0.6858666026871402,0.16891179354284042,277.21,0.9612915194057325
1640,-0.7411548944337812,0.17258836348831677,277.24,0.9542822147847779
1641,-0.8054600767754319,0.18135344427174493,277.27,0.9473719630449419
1642,-0.856526679462572,0.19011283359725056,277.3,0.9385372472641414
1643,-0.8806961612284069,0.19539852566329496,277.32,0.9297204346361816
1644,-0.8778038387715931,0.19662976519885936,277.34,0.9228336044335785
1645,-0.8517462571976967,0.19535345892471204,277.36,0.9166072393172706
1646,-0.8121737044145872,0.19314376236841782,277.38,0.9093887390923002
1647,-0.7670251439539347,0.18989985792422986,277.39,0.9021701829261685
1648,-0.7219706333973129,0.18596189467350446,277.41,0.8945971789325695
1649,-0.6836886756238003,0.1836767811379657,277.41,0.8877844645020879
1650,-0.6576606525911709,0.18263547270755412,277.42,0.8809282785985653
1651,-0.6456274472168906,0.1828518368132263,277.42,0.8741194703728133
1652,-0.6442328214971209,0.18335722431673976,277.42,0.8685326233072245
1653,-0.6462424184261037,0.18162159125157812,277.42,0.8619098143881037
1654,-0.6445468330134357,0.17627626087651388,277.41,0.8554972478772432
1655,-0.6354092130518234,0.168254985500358,277.41,0.8477473333048845
1656,-0.6204063339731287,0.15927538554520237,277.4,0.8439077574180145
1657,-0.6038518234165067,0.1497828130273949,277.38,0.8346982760981403
1658,-0.5890414587332055,0.14065321843026232,277.37,0.8296856965010027
1659,-0.5794274472168907,0.1316990791795447,277.35,0.8234348921712206
1660,-0.5754370441458734,0.12593160548372145,277.34,0.8171993138853746
1661,-0.576447792706334,0.1261474909043562,277.32,0.8105651120457905
1662,-0.5819495201535508,0.1293440296441123,277.3,0.8043551637412641
1663,-0.5889748560460653,0.13178557628422688,277.27,0.799012377388978
1664,-0.5955547024952015,0.1322621786669516,277.25,0.7937646613841806
1665,-0.6041293666026871,0.132363611231531,277.23,0.7865136233109251
1666,-0.6134664107485605,0.13458088547404157,277.2,0.7818090077987897
1667,-0.6212030710172745,0.1398756818577343,277.18,0.7754540633261313
1668,-0.6247241842610365,0.1459916357935928,277.15,0.7700257206026394
1669,-0.6241548944337812,0.14818447332515058,277.12,0.7645456733119842
1670,-0.6218080614203455,0.14578712448518136,277.1,0.7586135964669932
1671,-0.6224921305182342,0.14173950291980064,277.07,0.7545385046360145
1672,-0.634083877159309,0.1387310789910309,277.04,0.7509042168327069
1673,-0.6594074856046065,0.13897666766546252,277.02,0.7453712866607818
1674,-0.6916255278310941,0.143621642161189,276.99,0.7410892007465827
1675,-0.7192804222648752,0.15161930831670725,276.97,0.7363548046073957
1676,-0.7380299424184261,0.15984619129324984,276.95,0.7316890262733408
1677,-0.7478095969289826,0.16433226620300154,276.93,0.7285727018068853
1678,-0.7490731285988484,0.16393303923694663,276.91,0.7240998292850002
1679,-0.7437829174664108,0.16026648707918575,276.89,0.7217236763021372
1680,-0.7321326295585413,0.15427103101421055,276.87,0.7171480312329542
1681,-0.7138287907869483,0.14644146144803052,276.86,0.713387292129199
1682,-0.6919936660268714,0.13919176567915417,276.84,0.7110380497730836
1683,-0.6713262955854126,0.13733424883606532,276.83,0.7075800170436466
1684,-0.6559692898272552,0.14139756368696757,276.82,0.7028613442664722
1685,-0.6444414587332055,0.1471106862489508,276.81,0.7004760286167316
1686,-0.6323869481765836,0.15067431848991134,276.8,0.6978650187647905
1687,-0.6209756238003838,0.15095150456878956,276.79,0.6958379669078634
1688,-0.6093404990403072,0.14998647564332035,276.79,0.6921253108270489
1689,-0.5952608445297505,0.14954865378369728,276.78,0.688960098493383
1690,-0.582147216890595,0.14880769959442808,276.78,0.6859727822651976
1691,-0.5744399232245682,0.1485196913232832,276.77,0.6825437841750622
1692,-0.5781831094049903,0.15268102503738581,276.77,0.6794275984031404
1693,-0.5970483685220729,0.16453810536628122,276.77,0.6774457055607361
1694,-0.6327389635316699,0.18006660423213655,276.77,0.673973164777223
1695,-0.6813349328214972,0.19272119870734877,276.77,0.6712036097297768
1696,-0.7350132437619961,0.20031168856126563,276.77,0.6679373172238948
1697,-0.7834092130518234,0.20472839491430395,276.77,0.6645248603651248
1698,-0.8181831094049904,0.20555175237994652,276.78,0.6621447834769372
1699,-0.830808253358925,0.20179258360290572,276.79,0.6610663037915824
1700,-0.8187165067178503,0.19263218657308384,276.8,0.6571038714202609
1701,-0.7904829174664106,0.17951308564883037,276.81,0.6556870756127039
1702,-0.755282725527831,0.1669467702162403,276.83,0.6529687449014558
1703,-0.7225859884836853,0.15978264604260622,276.84,0.6500524454366658
1704,-0.6976706333973128,0.15768141871831667,276.86,0.6480809165982887
1705,-0.6788262955854126,0.1580432763867499,276.88,0.6465360581273705
1706,-0.6610596928982726,0.15988671273959804,276.91,0.6438628016583332
1707,-0.6453671785028792,0.16315393644766898,276.93,0.6421891671516518
1708,-0.6366583493282149,0.16556658262196583,276.96,0.6411551061403729
1709,-0.631746065259117,0.16592811380484682,276.99,0.6390387803338373
1710,-0.6273717850287908,0.1657912195830829,277.02,0.6372308870913274
1711,-0.6215324376199616,0.16635081894901546,277.05,0.6358470847236094
1712,-0.6144909788867562,0.16568867868803253,277.08,0.6320784446357609
1713,-0.6095909788867563,0.1635911510654674,277.11,0.6323418988619072
1714,-0.606935508637236,0.1627049968092928,277.14,0.6311708353343237
1715,-0.6041049904030711,0.16351330366379357,277.18,0.6287774160710881
1716,-0.603624952015355,0.1654656052780933,277.21,0.6269647904666136
1717,-0.6037178502879079,0.1668567197650561,277.24,0.6256551544536109
1718,-0.6004268714011517,0.16540923704441693,277.27,0.6230569797378076
1719,-0.5940343570057581,0.1586178034374646,277.29,0.6195573409308386
1720,-0.5867165067178504,0.14876952217105588,277.32,0.6180686648414323
1721,-0.5778660268714012,0.1395118050469319,277.34,0.6137820093309648
1722,-0.5643021113243761,0.13247215184620692,277.37,0.6128368850020737
1723,-0.5451370441458733,0.12566214774184098,277.39,0.6097719749806976
1724,-0.5204470249520153,0.11705798035661877,277.41,0.6064096667952161
1725,-0.495415547024952,0.10879070276372513,277.43,0.6022448984830971
1726,-0.475216122840691,0.10173728029140837,277.44,0.5986883209381166
1727,-0.46670690978886753,0.09984627179131193,277.45,0.5946718692141366
1728,-0.47462725527831096,0.10682101864779239,277.46,0.5899102947433152
1729,-0.49390249520153556,0.11846512653646418,277.47,0.5850476356081912
1730,-0.5195072936660269,0.12916839495167706,277.47,0.580828077326894
1731,-0.5442865642994242,0.1367110435719054,277.47,0.5752244056740983
1732,-0.5633437619961612,0.14282752968195916,277.46,0.5692480039870941
1733,-0.5763145873320538,0.149894974444521,277.45,0.5648462611200463
1734,-0.5860078694817659,0.1578046819631491,277.44,0.5593744573626712
1735,-0.5926811900191938,0.1645907655582251,277.43,0.5546203022371967
1736,-0.5962228406909789,0.16908712887259186,277.41,0.5509621650887694
1737,-0.5982403071017276,0.1723628202231854,277.39,0.5447728785259801
1738,-0.6009239923224569,0.17536803415682886,277.37,0.540439936232813
1739,-0.6057132437619961,0.17767618622423356,277.34,0.5361052829984725
1740,-0.6131785028790787,0.17911159842631974,277.32,0.5349013745724405
1741,-0.61808330134357,0.18020212916398629,277.29,0.5304625115787848
1742,-0.615540499040307,0.1796116701893617,277.26,0.5303876308522235
1743,-0.6043222648752399,0.17684961648099734,277.23,0.5290056424056073
1744,-0.5886322456813821,0.1724315536350168,277.2,0.528865689706675
1745,-0.5694245681381959,0.16635846204881147,277.17,0.5281456984468174
1746,-0.5480399232245681,0.15837858349778025,277.14,0.5298282413839113
1747,-0.5294307101727447,0.14748716129676956,277.11,0.532046811402721
1748,-0.5195752399232245,0.1374254188683602,277.08,0.5331879536705559
1749,-0.5194786948176584,0.13345961023638225,277.06,0.5357108802200543
1750,-0.5234341650671785,0.13616035478478616,277.03,0.5399975949922441
1751,-0.527673320537428,0.14225797530134277,277.02,0.5425275543105194
1752,-0.5291130518234166,0.14870282206757465,277.0,0.5462734833530963
1753,-0.5264518234165068,0.15228792707317834,276.99,0.5491490859636491
1754,-0.5182462571976968,0.15139376089167614,276.99,0.5513674460884188
1755,-0.5040671785028791,0.14972696836339494,276.99,0.5532495503252228
1756,-0.4844928982725528,0.14981250720434888,277.0,0.5535513053178128
1757,-0.46386353166986566,0.14998608760546978,277.02,0.5550010725000317
1758,-0.44634414587332055,0.14779923222870295,277.04,0.5559502998746703
1759,-0.4301508637236085,0.14339178955488543,277.07,0.5526958723138122
1760,-0.4132207293666027,0.13713092800539511,277.1,0.550376494514697
1761,-0.3977913627639155,0.13106014452512627,277.14,0.5475478591033447
1762,-0.389709404990403,0.12857683952164967,277.19,0.5414564693722956
1763,-0.3903510556621881,0.13012558654208592,277.24,0.5365314690826745
1764,-0.39732226487523997,0.13433956131419833,277.3,0.5293508644201252
1765,-0.4082823416506718,0.1376865570608669,277.37,0.5208526143617316
1766,-0.4274119001919386,0.13917277976437734,277.44,0.5120422145069913
1767,-0.4580566218809981,0.13944891054856526,277.52,0.5002847673923858
1768,-0.49588464491362766,0.13865210792843605,277.61,0.4884333112791307
1769,-0.5282357005758157,0.13751082444085078,277.7,0.47547856958002815
1770,-0.5444681381957774,0.13544885559824113,277.79,0.4624834149360501
1771,-0.5396360844529751,0.13187548119935744,277.89,0.449938908792098
1772,-0.5181573896353167,0.12754452234755206,277.99,0.43670772418590964
1773,-0.4878928982725528,0.12215029112755077,278.1,0.42231684213575627
1774,-0.45753761996161224,0.11537474612563739,278.2,0.4082793055519604
1775,-0.43844126679462575,0.1100973351068177,278.32,0.39419186881166146
1776,-0.4354276391554702,0.10972201362110309,278.43,0.38007062456032653
1777,-0.4437236084452975,0.11599229184946964,278.54,0.36704063966927286
1778,-0.4596967370441459,0.12755313330630388,278.66,0.3569531963935651
1779,-0.48073704414587337,0.14069716124636122,278.78,0.3455621557161686
1780,-0.5027103646833013,0.1530788337880362,278.9,0.335583745459238
1781,-0.5235752399232245,0.16170117554990499,279.01,0.33019900860145995
1782,-0.538968905950096,0.16456622595055298,279.13,0.324838954437958
1783,-0.5435737044145873,0.16043069981093971,279.25,0.32233858674096716
1784,-0.5349564299424183,0.15231555479534842,279.36,0.32049778652719546
1785,-0.5210437619961612,0.1431302240714492,279.48,0.32423770073834823
1786,-0.5090330134357005,0.13496033713771174,279.59,0.3282925128996561
1787,-0.49963090211132427,0.12998485039297705,279.7,0.33573721944324103
1788,-0.4902508637236085,0.129139854288282,279.81,0.34619546314372834
1789,-0.47866487523992324,0.130307118195209,279.92,0.35699806588778693
1790,-0.46585105566218804,0.13214638198952666,280.02,0.36906809048095246
1791,-0.45262092130518233,0.13485293529475398,280.13,0.3839600560934985
1792,-0.4423339731285989,0.13664171221367183,280.23,0.3993005247816524
1793,-0.4367303262955854,0.13589406862052322,280.33,0.4169423330520736
1794,-0.43712994241842607,0.1324922495040768,280.43,0.43391328157908804
1795,-0.44334625719769677,0.12635715646837017,280.53,0.4510113694922233
1796,-0.4510431861804222,0.12013898744555868,280.62,0.46844774526439276
1797,-0.45927063339731283,0.11759219738547365,280.71,0.48368288598950104
1798,-0.46706545105566216,0.1204066554999781,280.81,0.5031683167473399
1799,-0.47557543186180423,0.12392199101363846,280.9,0.5189518657457898
1800,-0.48119347408829166,0.12343440470558796,280.98,0.53432341812007
1801,-0.47946333973128596,0.11803095315822941,281.07,0.53432341812007
1802,-0.4739197696737044,0.11265022778470907,281.15,0.53432341812007
1803,-0.4681341650671785,0.10954009497634438,281.23,0.53432341812007
1804,-0.46598637236084456,0.10726148614523369,281.31,0.53432341812007
1805,-0.4719882917466411,0.10556018150962741,281.39,0.53432341812007
1806,-0.4867090211132438,0.10544604934424609,281.47,0.53432341812007
1807,-0.5087476007677544,0.1062531724368099,281.54,0.53432341812007
1808,-0.5420593090211133,0.10776275578031488,281.62,0.53432341812007
1809,-0.5909623800383876,0.11286055387281414,281.69,0.53432341812007
1810,-0.6494915547024951,0.12324780761695495,281.77,0.53432341812007
1811,-0.7073282149712092,0.13815694235765077,281.85,0.53432341812007
1812,-0.7573888675623801,0.15544397095609627,281.92,0.53432341812007
1813,-0.7932662188099808,0.16950620039403055,282.0,0.53432341812007
1814,-0.8148614203454895,0.17714233127058798,282.07,0.53432341812007
1815,-0.8247401151631478,0.18015039823390017,282.15,0.53432341812007
1816,-0.8237495201535509,0.1812812562035326,282.23,0.53432341812007
1817,-0.8130714011516316,0.18202132548284827,282.3,0.53432341812007
1818,-0.796478310940499,0.1835053533326943,282.38,0.53432341812007
1819,-0.776136084452975,0.18543406096140755,282.46,0.53432341812007
1820,-0.7529472168905951,0.1873261314806577,282.54,0.53432341812007
1821,-0.7246785028790788,0.18743706789640216,282.62,0.53432341812007
1822,-0.6894376199616122,0.18412671526512533,282.7,0.53432341812007
1823,-0.6506662188099808,0.17755200476226163,282.78,0.53432341812007
1824,-0.6108270633397314,0.16941465044498932,282.87,0.53432341812007
1825,-0.5688535508637236,0.15909825626329463,282.96,0.53432341812007
1826,-0.5287481765834933,0.14744255087717642,283.05,0.53432341812007
1827,-0.5006710172744722,0.1355125020655974,283.15,0.53432341812007
1828,-0.48916429942418427,0.12453303528326944,283.24,0.53432341812007
1829,-0.49605028790786954,0.1162944489254689,283.34,0.53432341812007
1830,-0.5184596928982724,0.11114867601508135,283.44,0.53432341812007
1831,-0.5506959692898272,0.11085759022568192,283.55,0.53432341812007
1832,-0.5915531669865643,0.11790928812238596,283.65,0.53432341812007
1833,-0.6370738963531669,0.13133627732034345,283.76,0.53432341812007
1834,-0.6814113243761997,0.14559609147322986,283.87,0.53432341812007
1835,-0.7229011516314778,0.1566113026382701,283.98,0.53432341812007
1836,-0.7561658349328215,0.16161759538551426,284.1,0.53432341812007
1837,-0.7745,0.16164760425548677,284.22,0.53432341812007
1838,-0.7735063339731286,0.15778524310141578,284.34,0.53432341812007
1839,-0.7581779270633399,0.1515116871359157,284.46,0.53432341812007
1840,-0.7372209213051824,0.14541869299713747,284.58,0.53432341812007
1841,-0.715347792706334,0.1415541804395977,284.71,0.53432341812007
1842,-0.693885028790787,0.14092087443794454,284.84,0.53432341812007
1843,-0.673778310940499,0.14316569827753942,284.96,0.53432341812007
1844,-0.650647792706334,0.1455253249171218,285.09,0.53432341812007
1845,-0.6248065259117082,0.14473159081695852,285.21,0.53432341812007
1846,-0.6015518234165067,0.1399696899934449,285.33,0.53432341812007
1847,-0.5873309021113243,0.13524272632564135,285.44,0.53432341812007
1848,-0.5798564299424184,0.1344774843962285,285.56,0.53432341812007
1849,-0.5711431861804221,0.1361528477788484,285.66,0.53432341812007
1850,-0.5547712092130518,0.13571933318531212,285.77,0.53432341812007
1851,-0.5325562380038388,0.1328048276044622,285.86,0.53432341812007
1852,-0.510985028790787,0.1297992398284645,285.96,0.53432341812007
1853,-0.4982333973128599,0.12842351868604643,286.05,0.53432341812007
1854,-0.4949760076775433,0.12792585435213252,286.14,0.53432341812007
1855,-0.49753608445297504,0.12695353966656375,286.23,0.53432341812007
1856,-0.4993673704414588,0.12475152215271076,286.31,0.53432341812007
1857,-0.49613666026871395,0.12084081749421793,286.4,0.53432341812007
1858,-0.4881587332053743,0.11695585280487351,286.49,0.53432341812007
1859,-0.48122149712092127,0.11591995795534822,286.57,0.53432341812007
1860,-0.47917332053742806,0.11939867670278383,286.67,0.53432341812007
1861,-0.48503877159309017,0.12305210994982362,286.76,0.53432341812007
1862,-0.500208829174664,0.12357536364024513,286.86,0.53432341812007
1863,-0.5170295585412668,0.12087031181584078,286.97,0.53432341812007
1864,-0.5307349328214971,0.11712693249553151,287.08,0.53432341812007
1865,-0.5401598848368521,0.11267924277817826,287.2,0.53432341812007
1866,-0.5447852207293666,0.10865053042632764,287.32,0.53432341812007
1867,-0.5425815738963531,0.10676651091111608,287.45,0.53432341812007
1868,-0.5355155470249521,0.10907789034296243,287.59,0.53432341812007
1869,-0.5287076775431861,0.11325947888069499,287.73,0.53432341812007
1870,-0.5222737044145873,0.11555210338057025,287.88,0.53432341812007
1871,-0.5180341650671785,0.11638595418049154,288.04,0.53432341812007
1872,-0.5138996161228406,0.11706655963368762,288.2,0.53432341812007
1873,-0.506904414587332,0.1174313468818013,288.37,0.53432341812007
1874,-0.4951654510556622,0.11575083998797225,288.55,0.53432341812007
1875,-0.4789124760076775,0.11244450023238775,288.73,0.53432341812007
1876,-0.4635128598848368,0.11177323578635225,288.93,0.53432341812007
1877,-0.4545426103646833,0.11696245513682772,289.13,0.53432341812007
1878,-0.4569946257197697,0.12646423441608376,289.33,0.53432341812007
1879,-0.472162763915547,0.13653483549305404,289.55,0.53432341812007
1880,-0.4949932821497121,0.14140555373768252,289.78,0.53432341812007
1881,-0.5183226487523993,0.1382625525859624,290.01,0.53432341812007
1882,-0.537717274472169,0.1311890798144312,290.26,0.53432341812007
1883,-0.5528600767754319,0.12304308477425019,290.51,0.53432341812007
1884,-0.5634335892514395,0.1166206048078398,290.77,0.53432341812007
1885,-0.5651798464491362,0.11246652064561355,291.05,0.53432341812007
1886,-0.5568875239923224,0.10913374406685544,291.33,0.53432341812007
1887,-0.5442675623800384,0.10675805159515012,291.62,0.53432341812007
1888,-0.5312209213051824,0.10456721984113089,291.92,0.53432341812007
1889,-0.5180804222648752,0.10114147783699882,292.23,0.53432341812007
1890,-0.505106142034549,0.09716496638692415,292.55,0.53432341812007
1891,-0.49320460652591175,0.0931938621384347,292.87,0.53432341812007
1892,-0.4804122840690979,0.0895666621249004,293.2,0.53432341812007
1893,-0.4622071017274472,0.08738277228250528,293.53,0.53432341812007
1894,-0.43820499040307104,0.08947220439702692,293.87,0.53432341812007
1895,-0.4135667946257197,0.09687602203477771,294.2,0.53432341812007
1896,-0.39564184261036467,0.10374921934674879,294.54,0.53432341812007
1897,-0.39119097888675625,0.10330780080383353,294.88,0.53432341812007
1898,-0.40198771593090205,0.09781563172801123,295.22,0.53432341812007
1899,-0.4187535508637236,0.09298293573730969,295.56,0.53432341812007
1900,-0.4298717850287908,0.08938540230200989,295.9,0.53432341812007
1901,-0.4376301343570057,0.08672468170652052,296.24,0.53432341812007
1902,-0.44894856046065257,0.0867241710763803,296.59,0.53432341812007
1903,-0.460316122840691,0.09059095646586508,296.93,0.53432341812007
1904,-0.4631856046065258,0.09598348417661151,297.28,0.53432341812007
1905,-0.45682571976967373,0.10092538652347893,297.63,0.53432341812007
1906,-0.44394203454894426,0.1061386001473416,297.98,0.53432341812007
1907,-0.4292143953934741,0.11208824341386074,298.34,0.53432341812007
1908,-0.4160644913627639,0.11566289340055808,298.7,0.53432341812007
1909,-0.4128898272552783,0.1167827646010092,299.06,0.53432341812007
1910,-0.4201435700575816,0.11606983061402579,299.42,0.53432341812007
1911,-0.4330644913627639,0.11744382563174463,299.78,0.53432341812007
1912,-0.4454717850287908,0.12301160729503349,300.15,0.53432341812007
1913,-0.44815700575815737,0.12956581440845022,300.52,0.53432341812007
1914,-0.44023147792706335,0.1329643886951719,300.89,0.53432341812007
1915,-0.4276882917466411,0.1331252667644829,301.27,0.53432341812007
1916,-0.4153197696737044,0.131914771045349,301.64,0.53432341812007
1917,-0.4009798464491363,0.13045508642372874,302.02,0.53432341812007
1918,-0.38197312859884835,0.13008300119391517,302.4,0.53432341812007
1919,-0.35799462571976964,0.13174048458524004,302.77,0.53432341812007
1920,-0.32957236084452973,0.1357136034363723,303.15,0.53432341812007
1921,-0.3000740882917466,0.14095575028650179,303.53,0.53432341812007
1922,-0.2749694817658349,0.14519419187869684,303.9,0.53432341812007
1923,-0.25929001919385797,0.1454683706574402,304.27,0.53432341812007
1924,-0.2536925143953935,0.13813705903367626,304.64,0.53432341812007
1925,-0.25349136276391554,0.12302102346231814,305.01,0.53432341812007
1926,-0.2548034548944338,0.1047491117438123,305.38,0.53432341812007
1927,-0.2553243761996161,0.09121237454448174,305.74,0.53432341812007
1928,-0.25300825335892513,0.09008695451650453,306.1,0.53432341812007
1929,-0.24681938579654508,0.0994078592911687,306.46,0.53432341812007
1930,-0.23703512476007677,0.11220252214374284,306.81,0.53432341812007
1931,-0.2254957773512476,0.1254649358824253,307.15,0.53432341812007
1932,-0.20931996161228406,0.13832116719098142,307.49,0.53432341812007
1933,-0.18726487523992322,0.1476466110164668,307.82,0.53432341812007
1934,-0.15985854126679463,0.14819608504957824,308.14,0.53432341812007
1935,-0.12923857965451055,0.13604619587696723,308.45,0.53432341812007
1936,-0.09864644913627639,0.11510838400871536,308.75,0.53432341812007
1937,-0.0724785028790787,0.0983694859585752,309.04,0.53432341812007
1938,-0.05563915547024952,0.09873260276380938,309.31,0.53432341812007
1939,-0.049964491362763916,0.11063033762081971,309.57,0.53432341812007
1940,-0.051123608445297515,0.12105271594525799,309.82,0.53432341812007
1941,-0.053925527831094056,0.12578109303988178,310.05,0.53432341812007
1942,-0.05841880998080614,0.1258148576867414,310.26,0.53432341812007
1943,-0.06740614203454895,0.12361797977536002,310.46,0.53432341812007
1944,-0.07979635316698655,0.12151872460235384,310.65,0.53432341812007
1945,-0.09364357005758156,0.12215742082814295,310.84,0.53432341812007
1946,-0.11028963531669866,0.12575976551797477,311.02,0.53432341812007
1947,-0.12811842610364685,0.1299185797033414,311.22,0.53432341812007
1948,-0.14280575815738966,0.13299737043905394,311.42,0.53432341812007
1949,-0.15053646833013434,0.13381200652624656,311.65,0.53432341812007
1950,-0.14663378119001919,0.1297159256091427,311.89,0.53432341812007
1951,-0.13510403071017274,0.12066131096789626,312.16,0.53432341812007
1952,-0.11833646833013436,0.11276156146677999,312.46,0.53432341812007
1953,-0.10237159309021113,0.1116834005603627,312.79,0.53432341812007
1954,-0.09257523992322457,0.11603321300547961,313.15,0.53432341812007
1955,-0.08725451055662188,0.11972167347564126,313.55,0.53432341812007
1956,-0.08594971209213051,0.12148848570366988,313.99,0.53432341812007
1957,-0.08802955854126679,0.12479837296152226,314.45,0.53432341812007
1958,-0.09233800383877158,0.13259859066083035,314.96,0.53432341812007
1959,-0.09863397312859885,0.1423625736028881,315.5,0.53432341812007
1960,-0.10653953934740884,0.14871558532396295,316.08,0.53432341812007
1961,-0.12008206185567011,0.1470896982331478,316.7,0.53432341812007
1962,-0.12177360824742267,0.14468955011888918,317.36,0.53432341812007
1963,-0.11687587628865981,0.14465666539245267,318.06,0.53432341812007
1964,-0.1107562886597938,0.14703600386462662,318.8,0.53432341812007
1965,-0.11137484536082473,0.14761232054220313,319.58,0.53432341812007
1966,-0.11946515463917526,0.14520044595810525,320.4,0.53432341812007
1967,-0.13247731958762884,0.14149434128885685,321.26,0.53432341812007
1968,-0.15044556701030928,0.13737936528509087,322.16,0.53432341812007
1969,-0.17127505154639175,0.13461782473280715,323.11,0.53432341812007
1970,-0.19711546391752577,0.13766244914645856,324.09,0.53432341812007
1971,-0.22163690721649484,0.14534556748068622,325.11,0.53432341812007
1972,-0.2355562886597938,0.15111762285256716,326.17,0.53432341812007
1973,-0.23695278350515464,0.15251798504394215,327.26,0.53432341812007
1974,-0.22825814432989688,0.1493580007812632,328.39,0.53432341812007
1975,-0.21248082474226804,0.14334842522974328,329.56,0.53432341812007
1976,-0.19333216494845362,0.13754937519367758,330.76,0.53432341812007
1977,-0.17722412371134022,0.13711218251683588,331.99,0.53432341812007
1978,-0.1650241237113402,0.1444069232371759,333.26,0.53432341812007
1979,-0.15168536082474224,0.15505741409367393,334.55,0.53432341812007
1980,-0.13235886363636362,0.17136263859893613,335.88,0.53432341812007
1981,-0.15105848484848486,0.11011250313766102,337.23,0.53432341812007
1982,-0.11569484848484848,0.10877442738258192,338.61,0.53432341812007
1983,-0.08646272727272727,0.10800334413860968,340.02,0.53432341812007
1984,-0.07295939393939394,0.10679753016563448,341.45,0.53432341812007
1985,-0.07526484848484849,0.1059992709764806,342.9,0.53432341812007
1986,-0.08249151515151515,0.1054216440210096,344.37,0.53432341812007
1987,-0.08573030303030302,0.1052938986702094,345.86,0.53432341812007
1988,-0.07917636363636363,0.1061722566014448,347.37,0.53432341812007
1989,-0.06751575757575758,0.10813323170781641,348.89,0.53432341812007
1990,-0.05839272727272728,0.11017054812149406,350.43,0.53432341812007
1991,-0.05467515151515152,0.11130505353750159,351.98,0.53432341812007
1992,-0.05468446969696969,0.12049994945529695,353.54,0.53432341812007
1993,-0.04493131313131313,0.13417947988279422,355.12,0.53432341812007
1994,-0.013711363636363641,0.1466035791236584,356.71,0.53432341812007
